frequency_hz,requested_field_oe,current_a,actual_current_a,direction,sweep_number,timestamp,s11_real,s11_imag,s11_magnitude,s11_magnitude_db,s11_phase_deg,s21_real,s21_imag,s21_magnitude,s21_magnitude_db,s21_phase_deg
1000000000.0,0.0,0.0,,forward,1,2026-07-30T00:01:08,0.09760243,0.0,0.09760243,-20.210787392065015,0.0,-0.46630962,-0.80975614,0.9344247791942613,-0.5891130680614804,-119.93610235153821
1010000000.0,0.0,0.0,,forward,1,2026-07-30T00:01:08,0.10294018,0.01019122,0.10344342233086067,-19.705942393098233,5.653937412524616,-0.48140169,-0.79693369,0.9310482766172076,-0.6205559888612585,-121.13480706562481
1020000000.0,0.0,0.0,,forward,1,2026-07-30T00:01:08,0.09940578,0.01986737,0.10137169964109953,-19.881665437562177,11.302291873211804,-0.51366395,-0.81148604,0.9603958801684251,-0.35099423227431975,-122.33347200495506
1030000000.0,0.0,0.0,,forward,1,2026-07-30T00:01:08,0.08791592,0.02677711,0.09190333296131593,-20.73337476456061,16.939495745890376,-0.51894214,-0.78308261,0.939424993680811,-0.5427577893091295,-123.53209539719941
1040000000.0,0.0,0.0,,forward,1,2026-07-30T00:01:08,0.08680006,0.03606027,0.09399251825797891,-20.538134291536153,22.559982799266212,-0.55325473,-0.798088,0.9711000216308169,-0.2547207240809959,-124.73067593726606
1050000000.0,0.0,0.0,,forward,1,2026-07-30T00:01:08,0.10016141,0.05361204,0.11360703713304779,-18.891895327888243,28.158203406982334,-0.56615296,-0.78127073,0.964838394588179,-0.3109084526273037,-125.92921168480349
1060000000.0,0.0,0.0,,forward,1,2026-07-30T00:01:08,0.08007432,0.05346078,0.09628058849877685,-20.32922527674981,33.728639420041056,-0.57993923,-0.76604705,0.9608109040319512,-0.3472415372896143,-127.12770000127547
1070000000.0,0.0,0.0,,forward,1,2026-07-30T00:01:08,0.07974593,0.0651918,0.10300186473460032,-19.743098256068123,39.26578416339537,-0.5661702,-0.71622376,0.9129759962652784,-0.7908128135325343,-128.32613999789623
1080000000.0,0.0,0.0,,forward,1,2026-07-30T00:01:08,0.06814929,0.06759061,0.09598341673266376,-20.35607588996172,44.76418263641501,-0.59760763,-0.72432403,0.9390315116489211,-0.5463966721300503,-129.52452827704482
1090000000.0,0.0,0.0,,forward,1,2026-07-30T00:01:08,0.06324093,0.07595371,0.09883512174338127,-20.101773968801506,50.21840114732101,-0.59050155,-0.6859675,0.9051207055463113,-0.8658700013744005,-130.72286390584728
1100000000.0,0.0,0.0,,forward,1,2026-07-30T00:01:08,0.05638713,0.08242246,0.09986476026150817,-20.011754724754525,55.6230572964553,-0.61797718,-0.68823571,0.9249671278050677,-0.6774740255770485,-131.9211436629357
1110000000.0,0.0,0.0,,forward,1,2026-07-30T00:01:08,0.04665587,0.08407536,0.09615319217054887,-20.34072586261466,60.972827862468606,-0.66344025,-0.70848759,0.9706222903395896,-0.2589947866803669,-133.1193650165196
1120000000.0,0.0,0.0,,forward,1,2026-07-30T00:01:08,0.0387954,0.08822112,0.09637452503236735,-20.320754985840278,66.26241881292357,-0.69370525,-0.7104313,0.9929449158423908,-0.06149687116471001,-134.31752595631158
1130000000.0,0.0,0.0,,forward,1,2026-07-30T00:01:08,0.03003966,0.08970946,0.09460532958775209,-20.48168793890842,71.48662116506581,-0.69078725,-0.67846458,0.9682464619491975,-0.28028162572212817,-135.5156231363996
1140000000.0,0.0,0.0,,forward,1,2026-07-30T00:01:08,0.02270076,0.09558578,0.09824441888873892,-20.153842236795185,76.6402710907805,-0.7105029,-0.66922446,0.9760510994669807,-0.21054890003480708,-136.71365387233413
1150000000.0,0.0,0.0,,forward,1,2026-07-30T00:01:08,0.01424171,0.09784201,0.09887307633812249,-20.098439059794913,81.71828953777575,-0.68925548,-0.62253637,0.9287758872208124,-0.6417813645903498,-137.91161456489448
1160000000.0,0.0,0.0,,forward,1,2026-07-30T00:01:08,0.00571922,0.09966338,0.09982734490325183,-20.015009592302924,86.71566249259199,-0.73268147,-0.63445594,0.9692040426466682,-0.27169566090361486,-139.10950227392672
1170000000.0,0.0,0.0,,forward,1,2026-07-30T00:01:08,-0.0026899,0.09467448,0.09471268513393759,-20.471837016612177,91.62745511190165,-0.74402409,-0.61754028,0.9669166685515389,-0.2922190591400241,-140.30731384064643
1180000000.0,0.0,0.0,,forward,1,2026-07-30T00:01:08,-0.01144773,0.10127966,0.10192458021433544,-19.83442137106983,96.44882248839603,-0.69290435,-0.55106141,0.8853163930709239,-1.0580298807644692,-141.5050444509732
1190000000.0,0.0,0.0,,forward,1,2026-07-30T00:01:08,-0.01875555,0.0949398,0.09677466755221896,-20.284766238565023,101.17500528061348,-0.75646497,-0.57621573,0.9509278723102683,-0.4370484592663877,-142.7026911513576
1200000000.0,0.0,0.0,,forward,1,2026-07-30T00:01:08,-0.02756048,0.09738796,0.101212621795861,-19.895306502001887,105.80134274976584,-0.76925921,-0.56094834,0.9520623783757972,-0.4266919210310472,-143.9002491651324
1210000000.0,0.0,0.0,,forward,1,2026-07-30T00:01:08,-0.03608583,0.09743105,0.10389897319459611,-19.66777488872641,110.32326917607104,-0.78231818,-0.54579911,0.9538964321326002,-0.409975512102309,-145.09771479692782
1220000000.0,0.0,0.0,,forward,1,2026-07-30T00:01:08,-0.0447395,0.09710847,0.10691902452786829,-19.418900243371098,114.736316280946,-0.77247363,-0.51527168,0.9285582444065635,-0.6438169934430643,-146.2950816193755
1230000000.0,0.0,0.0,,forward,1,2026-07-30T00:01:08,-0.04941459,0.08901383,0.10180993878859274,-19.844196473314863,119.03613734356804,-0.81711376,-0.52071234,0.9689253004280636,-0.2741940743078729,-147.4923463693878
1240000000.0,0.0,0.0,,forward,1,2026-07-30T00:01:08,-0.05511683,0.08416808,0.10060880001339495,-19.947280618184045,123.21848066662038,-0.81827192,-0.49772248,0.957756024339099,-0.37490215199298244,-148.68950305816912
1250000000.0,0.0,0.0,,forward,1,2026-07-30T00:01:08,-0.06321835,0.08304841,0.1043724014299307,-19.628286480933884,127.27922083931267,-0.81103281,-0.47039377,0.9375737399006593,-0.5598913024571893,-149.88654489600552
1260000000.0,0.0,0.0,,forward,1,2026-07-30T00:01:08,-0.06885277,0.07861015,0.10450004602724057,-19.61767036534138,131.21435047757524,-0.87475681,-0.48322109,0.9993508385257724,-0.005640375877924712,-151.08346705012718
1270000000.0,0.0,0.0,,forward,1,2026-07-30T00:01:08,-0.06884391,0.06879588,0.09732603479574466,-20.235419401064707,135.01999360924856,-0.80690662,-0.42399011,0.9115184621156264,-0.8046906122867125,-152.2802616842024
1280000000.0,0.0,0.0,,forward,1,2026-07-30T00:01:08,-0.07969979,0.07003675,0.10609996643075152,-19.485695070124304,138.69238361936712,-0.82756863,-0.41302676,0.9249113156601418,-0.677998144481347,-153.47692295656367
1290000000.0,0.0,0.0,,forward,1,2026-07-30T00:01:08,-0.07589698,0.05881256,0.09601702342227654,-20.35303523026508,142.2279000787517,-0.83391836,-0.3946644,0.922594070961032,-0.6997868141340737,-154.6734430269449
1300000000.0,0.0,0.0,,forward,1,2026-07-30T00:01:08,-0.08371834,0.05727367,0.10143487431660031,-19.876254091506077,145.62305812415778,-0.841926,-0.37714417,0.9225384081115479,-0.700310875547755,-155.8698126257779
1310000000.0,0.0,0.0,,forward,1,2026-07-30T00:01:08,-0.08538549,0.05155966,0.099745077281316,-20.02217057694773,148.8745023403371,-0.85976517,-0.36377997,0.9335587898564984,-0.5971665525557173,-157.06602484692317
1320000000.0,0.0,0.0,,forward,1,2026-07-30T00:01:08,-0.08588077,0.04570395,0.09728493049488908,-20.239088540937246,151.9790255939546,-0.9316321,-0.37145606,1.002954622234293,0.025625684155908268,-158.26206902965245
1330000000.0,0.0,0.0,,forward,1,2026-07-30T00:01:08,-0.09300324,0.04349948,0.10267330427510356,-19.77084922213714,154.9335654536088,-0.83670413,-0.31353119,0.8935186669912795,-0.9779273995601984,-159.4579358412516
1340000000.0,0.0,0.0,,forward,1,2026-07-30T00:01:08,-0.08747674,0.03581406,0.09452421348369527,-20.48913855248752,157.73519996204536,-0.90345709,-0.31720754,0.9575256325050101,-0.37699182694696,-160.65361369651797
1350000000.0,0.0,0.0,,forward,1,2026-07-30T00:01:08,-0.09478879,0.03378787,0.10063068552286127,-19.945391375422965,160.38117311676945,-0.85628846,-0.28072055,0.9011292659332922,-0.9042581103907039,-161.8490924308247
1360000000.0,0.0,0.0,,forward,1,2026-07-30T00:01:08,-0.09838176,0.0303247,0.10294929883582306,-19.747532138329376,162.86887154959342,-0.92877826,-0.28316993,0.9709862334270412,-0.25573854888529235,-163.04435809238961
1370000000.0,0.0,0.0,,forward,1,2026-07-30T00:01:08,-0.09037307,0.02388463,0.09347602543680278,-20.58599523829652,165.19583101600583,-0.88938721,-0.25101081,0.924129880508384,-0.6853397439066369,-164.2393977960025
1380000000.0,0.0,0.0,,forward,1,2026-07-30T00:01:08,-0.1032345,0.02315177,0.10579870719617938,-19.510392782310767,167.35976684323634,-0.91000781,-0.23645938,0.9402272345826729,-0.535343464196169,-165.4341969615538
1390000000.0,0.0,0.0,,forward,1,2026-07-30T00:01:08,-0.09969683,0.01873244,0.10144142260636185,-19.875693378174166,169.35853630369022,-0.89406,-0.21252128,0.91897147836744,-0.733959347465039,-166.6287395463932
1400000000.0,0.0,0.0,,forward,1,2026-07-30T00:01:08,-0.09310905,0.01443039,0.09422065244655548,-20.51707785486215,171.1901760653462,-0.87511294,-0.18883829,0.8952555822364737,-0.9610592465459553,-167.82300890941573
1410000000.0,0.0,0.0,,forward,1,2026-07-30T00:01:08,-0.10136771,0.01271071,0.10216151320016849,-19.814253659917064,172.85286468643798,-0.84524874,-0.16403968,0.8610194243372736,-1.299741017678673,-169.0169856443334
1420000000.0,0.0,0.0,,forward,1,2026-07-30T00:01:08,-0.09587597,0.0094937,0.09634485955737805,-20.323429040081386,174.34496979801364,-0.96041797,-0.16570913,0.9746087383479987,-0.22339398100493663,-170.2106510706874
1430000000.0,0.0,0.0,,forward,1,2026-07-30T00:01:08,-0.09589119,0.00726898,0.09616630589690185,-20.339541329780843,175.66501501286902,-0.9019467,-0.1363425,0.9121935797554924,-0.7982597751306032,-171.4039817561744
1440000000.0,0.0,0.0,,forward,1,2026-07-30T00:01:08,-0.10079424,0.00561462,0.10095049665515271,-19.917830801556587,176.811703542264,-0.91976444,-0.11950626,0.9274957526952354,-0.6537614096814176,-172.59695438298544
1450000000.0,0.0,0.0,,forward,1,2026-07-30T00:01:08,-0.0992657,0.00384134,0.09933999743046906,-20.057517111485353,177.78389911777856,-0.87033864,-0.09470976,0.8754766055791025,-1.155109092208079,-173.789542711604
1460000000.0,0.0,0.0,,forward,1,2026-07-30T00:01:08,-0.10484051,0.00259768,0.10487268699924923,-19.586752091234384,178.58064736778525,-0.96114516,-0.08439833,0.9648435607383274,-0.3108619448492532,-174.9817188769665
1470000000.0,0.0,0.0,,forward,1,2026-07-30T00:01:08,-0.10148185,0.001415,0.1014917144619328,-19.871388221092023,179.20115493975615,-1.00538977,-0.06724584,1.0076361409844126,0.06607471976516915,-176.1734515332085
1480000000.0,0.0,0.0,,forward,1,2026-07-30T00:01:08,-0.09456443,0.00058623,0.09456624708022308,-20.485276917316114,179.64481280588117,-0.88504241,-0.04073587,0.885979389491237,-1.0515276194675163,-177.36470556334365
1490000000.0,0.0,0.0,,forward,1,2026-07-30T00:01:08,-0.10059929,0.00015595,0.10059941087753246,-19.948091251086115,179.91117959522904,-0.95231602,-0.02401511,0.9526187734119839,-0.42161728057228565,-178.5554449792932
1500000000.0,0.0,0.0,,forward,1,2026-07-30T00:01:08,-0.09832883,0.0,0.09832883,-20.146382568240583,180.0,-0.88881773,-0.00394605,0.8888264895202861,-1.023660213633215,-179.7456277955934
1510000000.0,0.0,0.0,,forward,1,2026-07-30T00:01:08,-0.09448505,0.00014647,0.09448516352826723,-20.4927276189498,179.9111805930892,-0.94235528,0.01538294,0.9424808266415408,-0.5145495220397155,179.06479086747404
1520000000.0,0.0,0.0,,forward,1,2026-07-30T00:01:08,-0.09879936,0.00061249,0.09880125849608244,-20.10475046970024,179.64480901048563,-1.01680048,0.03771333,1.0174996370455958,0.15068525958401177,177.87586194654347
1530000000.0,0.0,0.0,,forward,1,2026-07-30T00:01:08,-0.10806319,0.00150677,0.1080736942498451,-19.325600058474738,179.20115288543738,-0.94690344,0.05480305,0.9484880067629406,-0.45936312428033504,176.6876405462772
1540000000.0,0.0,0.0,,forward,1,2026-07-30T00:01:08,-0.09489647,0.00235129,0.09492559498430864,-20.452333441289298,178.58064863070652,-0.92573675,0.07285401,0.9285990722985042,-0.6434350908864859,175.50018775005748
1550000000.0,0.0,0.0,,forward,1,2026-07-30T00:01:08,-0.10389198,0.00402036,0.10396973984217715,-19.661860854760338,177.78390227316123,-0.86122191,0.08575535,0.8654808826991331,-1.2548504131945217,174.3135716147964
1560000000.0,0.0,0.0,,forward,1,2026-07-30T00:01:08,-0.08788612,0.00489559,0.08802236585154083,-21.108139254325167,176.81170285667238,-0.85324775,0.10283325,0.8594221315428321,-1.3158693341228447,173.12786870632314
1570000000.0,0.0,0.0,,forward,1,2026-07-30T00:01:08,-0.10125706,0.00767573,0.1015475702854406,-19.86660926876785,175.6650188862712,-0.87966029,0.12451816,0.8884295121013652,-1.0275404673543995,171.94316351898945
1580000000.0,0.0,0.0,,forward,1,2026-07-30T00:01:08,-0.10025133,0.00992695,0.10074161753253419,-19.935821605636384,174.34497033655674,-0.90418729,0.14710154,0.916075061590433,-0.7613787908581527,170.7595505543207
1590000000.0,0.0,0.0,,forward,1,2026-07-30T00:01:08,-0.10043609,0.01259389,0.10122259747615747,-19.894450448806186,172.85286592882076,-0.9060572,0.16666638,0.9212585586544878,-0.7123692888363858,169.57713630566758
1600000000.0,0.0,0.0,,forward,1,2026-07-30T00:01:08,-0.09730069,0.01508003,0.0984623358410565,-20.134597311779494,171.1901738215952,-0.87010352,0.17866928,0.888258322298254,-1.029214296276733,168.39603964133715
1610000000.0,0.0,0.0,,forward,1,2026-07-30T00:01:08,-0.09523262,0.01789364,0.09689909320790366,-20.273605742090236,169.35853720735594,-0.90669474,0.20572316,0.9297404853527964,-0.6327651473587421,167.21639553059416
1620000000.0,0.0,0.0,,forward,1,2026-07-30T00:01:08,-0.09286749,0.02082682,0.09517419361472153,-20.42961588316086,167.35976923120265,-0.84623912,0.21038949,0.8720002211701753,-1.1896680982987815,166.03835590634935
1630000000.0,0.0,0.0,,forward,1,2026-07-30T00:01:08,-0.09403075,0.02485131,0.09725929032374542,-20.241378073848658,165.19583413023668,-0.89073093,0.24096996,0.9227502973616787,-0.6983161235669308,164.8620939542842
1640000000.0,0.0,0.0,,forward,1,2026-07-30T00:01:08,-0.0933588,0.02877645,0.09769314004597508,-20.202718622201186,162.86887043761288,-0.84567759,0.24748883,0.8811477215557996,-1.0990255484768308,163.68780521403272
1650000000.0,0.0,0.0,,forward,1,2026-07-30T00:01:08,-0.08686744,0.03096427,0.09222113721260707,-20.703390532786607,160.3811736317956,-0.85369184,0.26891063,0.8950433981710509,-0.9631181287818464,162.51571308338492
1660000000.0,0.0,0.0,,forward,1,2026-07-30T00:01:08,-0.08888212,0.03638943,0.09604281270047904,-20.350702594455523,157.73520546386243,-0.91448706,0.30871736,0.9651906502203662,-0.307737874870696,161.34607540254444
1670000000.0,0.0,0.0,,forward,1,2026-07-30T00:01:08,-0.09210378,0.04307878,0.10168032049800393,-19.855261870974118,154.93356776296383,-0.84405089,0.30422343,0.8972033215892354,-0.9421825451785035,160.17918586528666
1680000000.0,0.0,0.0,,forward,1,2026-07-30T00:01:08,-0.09516524,0.05064495,0.10780229062853952,-19.34744021957824,151.97902596592644,-0.84922834,0.32572662,0.909552969560201,-0.823440077851869,159.01538436474962
1690000000.0,0.0,0.0,,forward,1,2026-07-30T00:01:08,-0.08542817,0.05158543,0.09979493382849551,-20.017830109357902,148.87450338915104,-0.86288964,0.35117169,0.9316115535333306,-0.6153026825956073,157.855066407863
1700000000.0,0.0,0.0,,forward,1,2026-07-30T00:01:08,-0.08022889,0.05488646,0.09720698679603076,-20.24605037680107,145.6230560941452,-0.74719901,0.32181499,0.8135546990422219,-1.7922648424075076,156.69868970844885
1710000000.0,0.0,0.0,,forward,1,2026-07-30T00:01:08,-0.08360337,0.06478424,0.10576635205836732,-19.513049489041464,142.2279003424099,-0.79725648,0.36254469,0.8758176449177001,-1.1517261882855634,155.54679136098585
1720000000.0,0.0,0.0,,forward,1,2026-07-30T00:01:08,-0.07419516,0.06519951,0.09877194880969849,-20.107327546891995,138.69238699284605,-0.80247952,0.38448376,0.8898320862517647,-1.013838763603812,154.4000002353381
1730000000.0,0.0,0.0,,forward,1,2026-07-30T00:01:08,-0.07267544,0.07262474,0.10274274884030113,-19.764976381693554,135.01999237649548,-0.78496056,0.39549704,0.8789658636171687,-1.1205598257276546,153.2590604787952
1740000000.0,0.0,0.0,,forward,1,2026-07-30T00:01:08,-0.0660308,0.07538826,0.10021704592766442,-19.98116805985382,131.21435357491066,-0.78053618,0.4128392,0.8829909021873512,-1.0808754222240697,152.12485572521345
1750000000.0,0.0,0.0,,forward,1,2026-07-30T00:01:08,-0.06063303,0.07965213,0.10010407654295503,-19.990964727324382,127.27922359437898,-0.75617951,0.41918406,0.8645939668433523,-1.2637559861741587,150.99844011293973
1760000000.0,0.0,0.0,,forward,1,2026-07-30T00:01:08,-0.05674331,0.08665187,0.10357774763071942,-19.69467074494628,123.21847553995254,-0.7465624,0.4330965,0.8630921129323393,-1.2788570404248134,149.88108095692414
1770000000.0,0.0,0.0,,forward,1,2026-07-30T00:01:08,-0.04989248,0.0898747,0.10279455851668609,-19.760597486722308,119.03613340792708,-0.69351183,0.42043078,0.8109998145014321,-1.8195849024849842,148.77431199756947
1780000000.0,0.0,0.0,,forward,1,2026-07-30T00:01:08,-0.04442084,0.0964168,0.10615747900428683,-19.48098807030406,114.73631822398563,-0.6860782,0.43405591,0.8118545618035093,-1.8104352935869985,147.67999961360928
1790000000.0,0.0,0.0,,forward,1,2026-07-30T00:01:08,-0.03582608,0.09672972,0.10315108695231864,-19.73052382596261,110.32327110022227,-0.75555012,0.49818523,0.905010777406638,-0.8669249785398558,146.6004377506244
1800000000.0,0.0,0.0,,forward,1,2026-07-30T00:01:08,-0.02653586,0.09376735,0.09744982191857561,-20.224379003651794,105.80134331857641,-0.69024125,0.47370777,0.837157114620628,-1.5438605507821581,145.538461728949
1810000000.0,0.0,0.0,,forward,1,2026-07-30T00:01:08,-0.02093606,0.10597742,0.10802560880726385,-19.32946554853827,101.17500829228395,-0.64657829,0.46124046,0.7942331188261641,-2.001040143892477,144.49761274570844
1820000000.0,0.0,0.0,,forward,1,2026-07-30T00:01:08,-0.01171311,0.10362755,0.10428742045364148,-19.635361493416223,96.44882025348176,-0.60955079,0.45133446,0.7584556416647685,-2.4013962775991122,143.48235303620817
1830000000.0,0.0,0.0,,forward,1,2026-07-30T00:01:08,-0.00300664,0.10582244,0.10586514389374437,-19.50494015694327,91.62745681013529,-0.6255624,0.48003935,0.788521460609781,-2.0637296460021584,142.49836064882732
1840000000.0,0.0,0.0,,forward,1,2026-07-30T00:01:08,0.00563855,0.09825751,0.09841916234912082,-20.138406711806425,86.71565878972913,-0.6694278,0.53147774,0.8547526937824458,-1.3631904367049643,141.55294115185876
1850000000.0,0.0,0.0,,forward,1,2026-07-30T00:01:08,0.01497405,0.10287323,0.10395731635645179,-19.662898805549734,81.71828707718846,-0.59852615,0.49066298,0.773940380246633,-2.2258498697317393,140.65560136496393
1860000000.0,0.0,0.0,,forward,1,2026-07-30T00:01:08,0.02484888,0.10463085,0.10754106940595719,-19.368512982843438,76.64027237885165,-0.58688865,0.49562817,0.7681702743509224,-2.290850052116234,139.8188678424156
1870000000.0,0.0,0.0,,forward,1,2026-07-30T00:01:08,0.03506826,0.1047267,0.11044213214311646,-19.13730435339511,71.48662003094391,-0.575888,0.4995635,0.7623717459850213,-2.3566641464022533,139.0594595647499
1880000000.0,0.0,0.0,,forward,1,2026-07-30T00:01:08,0.04290811,0.09757346,0.10659120976958512,-19.445572173725502,66.26241819271087,-0.54993582,0.48825587,0.7354068266670696,-2.6694468592077665,138.39999991536644
1890000000.0,0.0,0.0,,forward,1,2026-07-30T00:01:08,0.05452919,0.09826332,0.11237932469755502,-18.98627163934216,60.97282470186689,-0.47477729,0.42942287,0.6401698808744293,-3.8740952535641227,137.87153318112755
1900000000.0,0.0,0.0,,forward,1,2026-07-30T00:01:08,0.06207479,0.09073625,0.10993792165402527,-19.177049550192756,55.62305640238186,-0.47804057,0.43777891,0.6482076523820997,-3.765716924647538,137.51724148263204
1910000000.0,0.0,0.0,,forward,1,2026-07-30T00:01:08,0.07226246,0.08678875,0.11293427403500719,-18.94348471059804,50.218397722526575,-0.42054178,0.38673592,0.5713318305011675,-4.862231589997686,137.39793824235392
1920000000.0,0.0,0.0,,forward,1,2026-07-30T00:01:08,0.08517025,0.08447202,0.11995621554526843,-18.419544881880224,44.764177841847975,-0.39730177,0.36278637,0.5380173293704485,-5.384074712369112,137.5999999647995
1930000000.0,0.0,0.0,,forward,1,2026-07-30T00:01:08,0.09455584,0.07729881,0.12213072056416313,-18.26350161162283,39.265784533373484,-0.34906775,0.31159698,0.46791128650117314,-6.596729581043661,138.2461538354466
1940000000.0,0.0,0.0,,forward,1,2026-07-30T00:01:08,0.10739338,0.07170005,0.1291287544965369,-17.779540758286984,33.72863428652303,-0.30326281,0.2589405,0.39877125582136197,-7.985523079829169,139.50769254881848
1950000000.0,0.0,0.0,,forward,1,2026-07-30T00:01:08,0.12059932,0.06455156,0.1367885224823194,-17.279006828884015,28.158202299003936,-0.22940265,0.18175871,0.29268037940368774,-10.67212781318418,141.60975581316526
1960000000.0,0.0,0.0,,forward,1,2026-07-30T00:01:08,0.14076196,0.05847823,0.15242582709952568,-16.33882879424807,22.55998115706196,-0.1835536,0.12948282,0.2246279696478433,-12.97072336688398,144.80000025615576
1970000000.0,0.0,0.0,,forward,1,2026-07-30T00:01:08,0.14493756,0.04414455,0.151511179763924,-16.391106401894376,16.93949467186843,-0.13017395,0.07759925,0.15154834495686517,-16.388976043073413,149.19999943577756
1980000000.0,0.0,0.0,,forward,1,2026-07-30T00:01:08,0.16100767,0.03217921,0.16419187359626844,-15.692966827356425,11.302293653268105,-0.0835147,0.04001354,0.09260555328608323,-20.667259383167412,154.39999988669035
1990000000.0,0.0,0.0,,forward,1,2026-07-30T00:01:08,0.17538581,0.01736344,0.1762432166013481,-15.077751790197517,5.653938243560369,-0.05821798,0.02252627,0.0624240821750172,-24.092956687743982,158.84706200029734
2000000000.0,0.0,0.0,,forward,1,2026-07-30T00:01:08,0.20254771,0.0,0.20254771,-13.86945325153189,0.0,-0.05266511,0.01916853,0.056045038617820585,-25.029256544974334,160.00000232898958
2010000000.0,0.0,0.0,,forward,1,2026-07-30T00:01:08,0.18595064,-0.01840937,0.18685969447745146,-14.56968731150829,-5.653937353554689,-0.0620039,0.02702821,0.06763880358946409,-23.39608165811784,156.4470615520854
2020000000.0,0.0,0.0,,forward,1,2026-07-30T00:01:08,0.17046451,-0.03406927,0.17383573950103876,-15.19721861155359,-11.302294690012724,-0.08936305,0.05242899,0.10360769130582247,-19.692160071798117,149.600000014996
2030000000.0,0.0,0.0,,forward,1,2026-07-30T00:01:08,0.15476396,-0.04713745,0.16178325780928043,-15.82132846995756,-16.93949845201973,-0.12045818,0.09411225,0.1528636278811114,-16.31391675213836,141.99999841367227
2040000000.0,0.0,0.0,,forward,1,2026-07-30T00:01:08,0.12325733,-0.0512061,0.1334707236660493,-17.492279696419452,-22.559982585008004,-0.15282468,0.15176147,0.21537624426492188,-13.336044010882604,135.19999989597673
2050000000.0,0.0,0.0,,forward,1,2026-07-30T00:01:08,0.11626651,-0.0622324,0.13187407992983344,-17.59681114739823,-28.158203968793536,-0.19764583,0.23882995,0.31000583725696423,-10.172602570758311,129.60975669501923
2060000000.0,0.0,0.0,,forward,1,2026-07-30T00:01:08,0.09987983,-0.06668372,0.12009454173220072,-18.40953461454877,-33.72863900381966,-0.22668861,0.32245323,0.39416216388837344,-8.08650133036213,125.10769270792554
2070000000.0,0.0,0.0,,forward,1,2026-07-30T00:01:08,0.08960031,-0.0732477,0.11573003545919312,-18.7310782762191,-39.26578640998089,-0.24822387,0.40592034,0.4758008113312676,-6.45149643486147,121.44615388534099
2080000000.0,0.0,0.0,,forward,1,2026-07-30T00:01:08,0.0796026,-0.07895002,0.11211458239123222,-19.006757928266968,-44.764180064233926,-0.25448555,0.47066118,0.5350559237292817,-5.432016468071145,118.39999993522439
2090000000.0,0.0,0.0,,forward,1,2026-07-30T00:01:08,0.07069218,-0.08490282,0.1104801935059167,-19.134311475250662,-50.21840092397327,-0.25904147,0.53590223,0.5952257414617868,-4.506365906331192,115.79793825872765
2100000000.0,0.0,0.0,,forward,1,2026-07-30T00:01:08,0.06233573,-0.09111769,0.11040007547809468,-19.140612593783352,-55.62306155182026,-0.25659637,0.58964596,0.6430583606808161,-3.834992218918984,113.51724140094444
2110000000.0,0.0,0.0,,forward,1,2026-07-30T00:01:08,0.0514119,-0.09264587,0.10595489931884651,-19.497579137167328,-60.97282598393234,-0.2566425,0.65247544,0.7011344896733034,-3.0839733775915534,111.47153260667567
2120000000.0,0.0,0.0,,forward,1,2026-07-30T00:01:08,0.04075513,-0.09267756,0.10124283060479147,-19.8927144218252,-66.26241762016592,-0.24035011,0.67498154,0.7164972119399933,-2.8957099041165995,109.59999962082297
2130000000.0,0.0,0.0,,forward,1,2026-07-30T00:01:08,0.03481788,-0.10397898,0.10965360481778426,-19.19954172993651,-71.48662112751967,-0.23134022,0.71797966,0.7543295629652625,-2.4487774299024805,107.85945920416759
2140000000.0,0.0,0.0,,forward,1,2026-07-30T00:01:08,0.02565543,-0.10802699,0.11103166961252542,-19.091062590707146,-76.64027364207223,-0.21691023,0.74569326,0.7766005961162279,-2.1960456085347064,106.21886766860268
2150000000.0,0.0,0.0,,forward,1,2026-07-30T00:01:08,0.01439371,-0.0988863,0.09992837042228847,-20.00622389540944,-81.71829237823563,-0.1840379,0.70373201,0.7273985774903949,-2.7645510518421403,104.65560139520105
2160000000.0,0.0,0.0,,forward,1,2026-07-30T00:01:08,0.00597822,-0.10417672,0.10434811020965737,-19.630308235842048,-86.71566232194324,-0.18252653,0.78109093,0.8021340131686885,-1.9150613545777206,103.15294139859725
2170000000.0,0.0,0.0,,forward,1,2026-07-30T00:01:08,-0.00328135,-0.11549123,0.11553783564155683,-18.7455154462492,-91.62745639663645,-0.15436867,0.74552552,0.7613396004732969,-2.368431602748013,101.69836084415255
2180000000.0,0.0,0.0,,forward,1,2026-07-30T00:01:08,-0.01151245,-0.10185227,0.10250083613881107,-19.785451837727337,-96.44882103463368,-0.14899064,0.82128037,0.8346853640474035,-1.5695440330583619,100.28235256964032
2190000000.0,0.0,0.0,,forward,1,2026-07-30T00:01:08,-0.01898536,-0.09610308,0.0979604301736982,-20.17898632851013,-101.17500624299234,-0.1276759,0.81554354,0.8254770748340269,-1.6658996693763974,98.89761293868291
2200000000.0,0.0,0.0,,forward,1,2026-07-30T00:01:08,-0.02767006,-0.09777516,0.10161502907261898,-19.86084108501814,-105.80134472634677,-0.10985434,0.83012012,0.8373573846606059,-1.5417829056210088,97.53846160124665
2210000000.0,0.0,0.0,,forward,1,2026-07-30T00:01:08,-0.03690374,-0.09963938,0.1062539038001522,-19.47310209751171,-110.32327129951166,-0.0952935,0.87712914,0.8822904166879462,-1.0877687598413515,96.2004378823331
2220000000.0,0.0,0.0,,forward,1,2026-07-30T00:01:08,-0.0406969,-0.08833388,0.09725796638560977,-20.241496310972998,-114.73631665827938,-0.07582751,0.88813225,0.891363396580128,-0.9989040796582636,94.88000021160744
2230000000.0,0.0,0.0,,forward,1,2026-07-30T00:01:08,-0.04874392,-0.08780571,0.10042814568421791,-19.962891121843352,-119.03613649799188,-0.05680964,0.90946987,0.9112424373539385,-0.8073212597143791,93.57431200640953
2240000000.0,0.0,0.0,,forward,1,2026-07-30T00:01:08,-0.05264533,-0.08039389,0.0960973897675738,-20.34576817273415,-123.21848054156428,-0.03210149,0.8058934,0.8065325026456033,-1.8675625237098772,92.28108087522422
2250000000.0,0.0,0.0,,forward,1,2026-07-30T00:01:08,-0.065875,-0.08653839,0.10875848734141214,-19.270736827841205,-127.27921973539804,-0.01554802,0.89213742,0.8922728938448017,-0.990046002936948,90.99844007353823
2260000000.0,0.0,0.0,,forward,1,2026-07-30T00:01:08,-0.06482433,-0.07401082,0.09838595040462485,-20.14133829506928,-131.2143523610579,0.00399924,0.83279088,0.8328004825477421,-1.5891806371031205,89.72485552211069
2270000000.0,0.0,0.0,,forward,1,2026-07-30T00:01:08,-0.06861642,-0.06856855,0.09700442846962658,-20.264168775289356,-135.01999307106288,0.02310891,0.8590368,0.8593475696571371,-1.3166229386462507,88.45906046807727
2280000000.0,0.0,0.0,,forward,1,2026-07-30T00:01:08,-0.08355046,-0.07342055,0.11122615038071801,-19.075861875425865,-138.69238489490817,0.04547059,0.92971369,0.9308249673963223,-0.622639524100093,87.19999971511652
2290000000.0,0.0,0.0,,forward,1,2026-07-30T00:01:08,-0.08441807,-0.06541555,0.10679702582154336,-19.428816835152528,-142.22790073203987,0.0624553,0.88138904,0.8835990631107593,-1.07489506574594,85.94679120773814
2300000000.0,0.0,0.0,,forward,1,2026-07-30T00:01:08,-0.08660348,-0.05924746,0.10493056878032253,-19.581959460411333,-145.62305884525347,0.09276969,0.99977837,1.004073206744684,0.035307565466976304,84.6986900410614
2310000000.0,0.0,0.0,,forward,1,2026-07-30T00:01:08,-0.08236201,-0.04973394,0.0962131252956877,-20.33531355827448,-148.87450470449605,0.1003643,0.87478616,0.8805247403917936,-1.1051687402217134,83.4550665874825
2320000000.0,0.0,0.0,,forward,1,2026-07-30T00:01:08,-0.08985021,-0.0478164,0.10178147349102439,-19.846625322665982,-151.97902706775892,0.12299333,0.89966973,0.9080379850550095,-0.837919673747118,82.21538442933634
2330000000.0,0.0,0.0,,forward,1,2026-07-30T00:01:08,-0.0887044,-0.04148883,0.09792749151351167,-20.181907402636988,-154.93356351556528,0.14237137,0.89678882,0.9080197105089016,-0.8380944817293448,80.97918574825385
2340000000.0,0.0,0.0,,forward,1,2026-07-30T00:01:08,-0.09615188,-0.03936576,0.10389825353639011,-19.667835051913883,-157.73520490355963,0.17095352,0.94501566,0.9603539470661981,-0.3513734865561829,79.7460752527142
2350000000.0,0.0,0.0,,forward,1,2026-07-30T00:01:08,-0.10022287,-0.03572487,0.10639967108762038,-19.46119429139315,-160.38117366462407,0.17942633,0.88314826,0.901190688499552,-0.9036660849507001,78.5157133300631
2360000000.0,0.0,0.0,,forward,1,2026-07-30T00:01:08,-0.09736485,-0.03001126,0.10188517920831322,-19.837779726382852,-162.86886766129132,0.19767401,0.87627907,0.8982984040671258,-0.9315874378711465,77.2878049193806
2370000000.0,0.0,0.0,,forward,1,2026-07-30T00:01:08,-0.10252262,-0.02709562,0.10604272834498743,-19.490382138973228,-165.19583380423379,0.22397317,0.90247279,0.9298500511212724,-0.6317416143222727,76.06209390895724
2380000000.0,0.0,0.0,,forward,1,2026-07-30T00:01:08,-0.10370713,-0.02325776,0.10628307585431698,-19.47071771014539,-167.35976886305284,0.25100425,0.92629951,0.9597051191612467,-0.3572437724136807,74.83835616560431
2390000000.0,0.0,0.0,,forward,1,2026-07-30T00:01:08,-0.09487736,-0.01782689,0.09653761674933611,-20.30606853864326,-169.35853648974194,0.25369679,0.86289932,0.899420534406885,-0.920744028094546,73.61639556902652
2400000000.0,0.0,0.0,,forward,1,2026-07-30T00:01:08,-0.09785284,-0.01516561,0.09902107867892421,-20.085446940467804,-171.19017056311418,0.28948404,0.91235051,0.9571752517235189,-0.38017077657650383,72.39603963102873
2410000000.0,0.0,0.0,,forward,1,2026-07-30T00:01:08,-0.10419487,-0.01306522,0.10501081329065735,-19.575319559426635,-172.8528611829751,0.29487642,0.8650621,0.9139390241851074,-0.7816555676714555,71.17713622033241
2420000000.0,0.0,0.0,,forward,1,2026-07-30T00:01:08,-0.10462449,-0.01035999,0.10513616552148076,-19.564957328400457,-174.34496657539452,0.33214121,0.91054984,0.9692361912889396,-0.27140755343048245,69.9595505617737
2430000000.0,0.0,0.0,,forward,1,2026-07-30T00:01:08,-0.09869676,-0.00748165,0.09897992483943448,-20.089057606139047,-175.66501773869803,0.32858787,0.84466394,0.9063261884373972,-0.8543094163713034,68.74316369973981
2440000000.0,0.0,0.0,,forward,1,2026-07-30T00:01:08,-0.09830026,-0.00547569,0.09845265002550058,-20.13545179143904,-176.81170696528145,0.35212656,0.85127965,0.9212329546654072,-0.7126106939357904,67.52786922911292
2450000000.0,0.0,0.0,,forward,1,2026-07-30T00:01:08,-0.10136343,-0.00392251,0.10143929724749182,-19.87587536325979,-177.7839030824317,0.36494906,0.83191251,0.9084416550826936,-0.8340592028770889,66.31357155526965
2460000000.0,0.0,0.0,,forward,1,2026-07-30T00:01:08,-0.10072277,-0.00249565,0.10075368313563232,-19.93478137793177,-178.58064902919543,0.37994348,0.81852517,0.9024081681357053,-0.8919396466426349,65.10018739116316
2470000000.0,0.0,0.0,,forward,1,2026-07-30T00:01:08,-0.10349401,-0.00144306,0.10350407010375824,-19.7008514410788,-179.20115289817238,0.39459776,0.80503464,0.896542337983515,-0.9485839331133881,63.88764037972608
2480000000.0,0.0,0.0,,forward,1,2026-07-30T00:01:08,-0.09901416,-0.00061382,0.09901606261358811,-20.085886948737482,-179.64480994582263,0.43224011,0.83658493,0.9416506028224678,-0.5222042247014419,62.67586204436911
2490000000.0,0.0,0.0,,forward,1,2026-07-30T00:01:08,-0.09935528,-0.00015402,0.09935539938040006,-20.056170531345835,-179.91118047383358,0.44589055,0.82002614,0.9334137629489947,-0.5985159968351933,61.46479133528268
2500000000.0,0.0,0.0,,forward,1,2026-07-30T00:01:08,-0.10804253,-0.0,0.10804253,-19.32810509239918,-180.0,0.44579604,0.78011946,0.8985101452684734,-0.9295402963257325,60.25437174030325
2510000000.0,0.0,0.0,,forward,1,2026-07-30T00:01:08,-0.09947519,-0.00015421,0.09947530953085897,-20.045694016270865,-179.9111781029949,0.47475262,0.7915146,0.9229763876774012,-0.6961881860382152,59.044554917304154
2520000000.0,0.0,0.0,,forward,1,2026-07-30T00:01:08,-0.10707382,-0.00066378,0.10707587745744043,-19.406167159853528,-179.64481228617385,0.50416417,0.80169388,0.9470451876976321,-0.47258596799087715,57.835293853154255
2530000000.0,0.0,0.0,,forward,1,2026-07-30T00:01:08,-0.0990785,-0.00138149,0.09908813085768699,-20.07956727592998,-179.20115446427798,0.49359378,0.74932954,0.8972901309895812,-0.9413421778085868,56.62654849918142
2540000000.0,0.0,0.0,,forward,1,2026-07-30T00:01:08,-0.10047801,-0.00248959,0.10050884812755641,-19.955914083511548,-178.58064645309676,0.5409233,0.78464846,0.9530326449095339,-0.41784445814104954,55.41828107207038
2550000000.0,0.0,0.0,,forward,1,2026-07-30T00:01:08,-0.10205449,-0.00394926,0.10213087478185869,-19.816858964253143,-177.78389875767573,0.54808764,0.76023467,0.9372069219712253,-0.5632902494996698,54.210457109833726
2560000000.0,0.0,0.0,,forward,1,2026-07-30T00:01:08,-0.09698521,-0.00540244,0.09713556154518127,-20.252434896089074,-176.8117050954773,0.55371338,0.73488374,0.9201372824244283,-0.7229474410995378,53.003045398289395
2570000000.0,0.0,0.0,,forward,1,2026-07-30T00:01:08,-0.09951316,-0.00754354,0.09979866737044739,-20.017505157724564,-175.66501586278454,0.54719185,0.69525739,0.8847608485099432,-1.0634820709749218,51.7960186283005
2580000000.0,0.0,0.0,,forward,1,2026-07-30T00:01:08,-0.09575445,-0.00948167,0.09622274554798049,-20.33444510844328,-174.34496802729976,0.60186194,0.73244107,0.9480019598309428,-0.4638152966377438,50.58934884553372
2590000000.0,0.0,0.0,,forward,1,2026-07-30T00:01:08,-0.0975476,-0.0122317,0.09831148839606692,-20.147914576116982,-172.8528637530901,0.59124051,0.6893984,0.9082045444654084,-0.8363265862189413,49.38301380821671
2600000000.0,0.0,0.0,,forward,1,2026-07-30T00:01:08,-0.09629438,-0.01492407,0.09744401205281575,-20.22489686357367,-171.19017281012864,0.64076446,0.71607711,0.9609086952801726,-0.3463575332021741,48.1769911812029
2610000000.0,0.0,0.0,,forward,1,2026-07-30T00:01:08,-0.09717862,-0.01825928,0.09887914588639406,-20.097905873104388,-169.358538213563,0.65279942,0.69933805,0.9566717257921543,-0.3847412263794722,46.971260288167294
2620000000.0,0.0,0.0,,forward,1,2026-07-30T00:01:08,-0.10147667,-0.02275755,0.10399721456025349,-19.659565851968935,-167.35976803432862,0.68257389,0.70106846,0.978470286169439,-0.18904716605904376,45.765803174053865
2630000000.0,0.0,0.0,,forward,1,2026-07-30T00:01:08,-0.09697309,-0.02562894,0.100302655745856,-19.973751357437838,-165.1958333746003,0.68565236,0.67521574,0.9623073595880461,-0.3337238554310978,44.56060212189461
2640000000.0,0.0,0.0,,forward,1,2026-07-30T00:01:08,-0.09499972,-0.02928224,0.09941024282988146,-20.051377306959992,-162.86886987644846,0.68415159,0.64596741,0.9409236381777409,-0.5289124169747759,43.355642119042386
2650000000.0,0.0,0.0,,forward,1,2026-07-30T00:01:08,-0.10011537,-0.03568655,0.10628554540077122,-19.47051589100734,-160.38117425666195,0.70876798,0.64156583,0.9560119056250657,-0.3907339847065765,42.150907859349175
2660000000.0,0.0,0.0,,forward,1,2026-07-30T00:01:08,-0.09433083,-0.03862021,0.1019304964617214,-19.833917210244223,-157.73519958475396,0.6980952,0.60569897,0.9242338181012968,-0.6843628902030963,40.94638597052338
2670000000.0,0.0,0.0,,forward,1,2026-07-30T00:01:08,-0.08936023,-0.04179557,0.09865150975670772,-20.11792527889167,-154.9335660760333,0.70725663,0.58805344,0.9197927967617439,-0.7261999173939181,39.74206464898617
2680000000.0,0.0,0.0,,forward,1,2026-07-30T00:01:08,-0.08681578,-0.04620154,0.09834409974868853,-20.14503381778117,-151.9790270189245,0.79266321,0.63137003,1.0133820006639673,0.11546372473468765,38.53793130350933
2690000000.0,0.0,0.0,,forward,1,2026-07-30T00:01:08,-0.09118092,-0.0550592,0.10651514294543477,-19.451772909267454,-148.87450483550504,0.70947904,0.54114335,0.892298511401058,-0.9897966307170409,37.333975293332834
2700000000.0,0.0,0.0,,forward,1,2026-07-30T00:01:08,-0.08390421,-0.05740082,0.10166007373790607,-19.85699159245893,-145.62306184749391,0.71825309,0.52433904,0.8892800066135917,-1.0192294334573215,36.13018748093253
2710000000.0,0.0,0.0,,forward,1,2026-07-30T00:01:08,-0.07802046,-0.06045804,0.09870342840678432,-20.113355241989407,-142.2279020874658,0.77749548,0.5429243,0.9482963761139871,-0.4611181816171314,34.92655763564075
2720000000.0,0.0,0.0,,forward,1,2026-07-30T00:01:08,-0.07536603,-0.06622843,0.10033067037663906,-19.97132571861186,-138.69238275050594,0.72709985,0.48533854,0.8742011726595624,-1.1677723056064473,33.72307682542439
2730000000.0,0.0,0.0,,forward,1,2026-07-30T00:01:08,-0.06834092,-0.06829325,0.09661495402891263,-20.299112968665597,-135.01998979975923,0.83421383,0.53185693,0.9893353870919073,-0.09312913122064204,32.519738105762144
2740000000.0,0.0,0.0,,forward,1,2026-07-30T00:01:08,-0.07207587,-0.08229,0.10939184218330406,-19.22030127977325,-131.21435302764272,0.85689179,0.5213371,1.0030233853733492,0.026221173273911803,31.31653295191053
2750000000.0,0.0,0.0,,forward,1,2026-07-30T00:01:08,-0.05899221,-0.07749663,0.09739511539107595,-20.22925647062005,-127.27922176213136,0.85108671,0.49362477,0.983877025596277,-0.14118360947235162,30.113454991255193
2760000000.0,0.0,0.0,,forward,1,2026-07-30T00:01:08,-0.0537426,-0.08206952,0.09810032195558994,-20.16659134612036,-123.21847877521144,0.82684838,0.4566425,0.9445637174457181,-0.4953748109209705,28.910497225030827
2770000000.0,0.0,0.0,,forward,1,2026-07-30T00:01:08,-0.04889192,-0.08807231,0.10073307118331347,-19.9365584986591,-119.03613715501862,0.8807437,0.46255087,0.9948179594415487,-0.04512766032272385,27.70765361834514
2780000000.0,0.0,0.0,,forward,1,2026-07-30T00:01:08,-0.04064158,-0.0882138,0.09712575629222353,-20.25331172886345,-114.73631819593406,0.81927694,0.40856422,0.9154995501254886,-0.7668372954721472,26.50491789161408
2790000000.0,0.0,0.0,,forward,1,2026-07-30T00:01:08,-0.03461656,-0.09346405,0.09966862529721227,-20.028830636116023,-110.3232690033145,0.82906103,0.39193581,0.9170364609027369,-0.7522679331847795,25.30228524282466
2800000000.0,0.0,0.0,,forward,1,2026-07-30T00:01:08,-0.02819199,-0.09961945,0.10353174932581116,-19.69852895726789,-105.8013456756217,0.87341139,0.39069123,0.9568108973985638,-0.38347774041779553,24.099750442126386
2810000000.0,0.0,0.0,,forward,1,2026-07-30T00:01:08,-0.01832986,-0.09278495,0.0945781725036073,-20.48418163877956,-101.17500824441552,0.904755,0.3821334,0.9821443607843808,-0.15649345232199302,22.8973089847064
2820000000.0,0.0,0.0,,forward,1,2026-07-30T00:01:08,-0.01109052,-0.09811939,0.09874418629895382,-20.109769292786417,-96.44882140867554,0.87612749,0.34856412,0.9429190445022704,-0.5105118511959605,21.69495527650511
2830000000.0,0.0,0.0,,forward,1,2026-07-30T00:01:08,-0.00285411,-0.10045411,0.10049464741857747,-19.957141383473108,-91.62745432708199,0.83116321,0.31063827,0.8873152858178974,-1.0384407361447288,20.49268639055106
2840000000.0,0.0,0.0,,forward,1,2026-07-30T00:01:08,0.00557271,-0.09711027,0.09727003462637915,-20.240418590469652,-86.71566180830041,0.93390959,0.32687662,0.9894622008932895,-0.0920158382880191,19.2904978611461
2850000000.0,0.0,0.0,,forward,1,2026-07-30T00:01:08,0.0142995,-0.09823907,0.09927431981491941,-20.063261597069886,-81.71829259424123,0.88887038,0.2903282,0.9350834273777844,-0.582992800015603,18.08838533556178
2860000000.0,0.0,0.0,,forward,1,2026-07-30T00:01:08,0.02296321,-0.0966909,0.09938027548922422,-20.053996073869676,-76.64027447052912,0.90577427,0.27495951,0.9465884852106923,-0.47677565634787616,16.886346359683884
2870000000.0,0.0,0.0,,forward,1,2026-07-30T00:01:08,0.03327095,-0.09935927,0.10478177632029054,-19.59428486837011,-71.48661960715509,0.85066732,0.23886154,0.8835664800155979,-1.0752153675646026,15.684377094743125
2880000000.0,0.0,0.0,,forward,1,2026-07-30T00:01:08,0.03859822,-0.08777274,0.09588470406835493,-20.365013355759952,-66.2624210387583,0.89798418,0.23194147,0.9274548145521879,-0.6541447990814742,14.482474004412802
2890000000.0,0.0,0.0,,forward,1,2026-07-30T00:01:08,0.04919981,-0.08865961,0.10139599474036536,-19.879583996012798,-60.972824928372205,0.88595389,0.20911448,0.9102983911618225,-0.8163244965825899,13.280634984677073
2900000000.0,0.0,0.0,,forward,1,2026-07-30T00:01:08,0.05689031,-0.08315797,0.10075591965942746,-19.934588571250714,-55.62305709466949,0.93380261,0.19982953,0.9549445824249871,-0.4004366153483588,12.078856539914048
2910000000.0,0.0,0.0,,forward,1,2026-07-30T00:01:08,0.06413013,-0.07702165,0.10022478806432766,-19.9804970687407,-50.218398138731416,0.88734617,0.17050874,0.9035798004770008,-0.880669725892942,10.877136071131472
2920000000.0,0.0,0.0,,forward,1,2026-07-30T00:01:08,0.07142602,-0.07084047,0.10059845189097744,-19.94817405168118,-44.76417950391093,0.95106531,0.16214955,0.9647889408832373,-0.31135366753021765,9.675471443487744
2930000000.0,0.0,0.0,,forward,1,2026-07-30T00:01:08,0.0781862,-0.06391673,0.10098727763601166,-19.914666702663503,-39.265783960962416,0.88765341,0.13224671,0.8974507053818902,-0.9397879350725307,8.473860595746018
2940000000.0,0.0,0.0,,forward,1,2026-07-30T00:01:08,0.08646605,-0.05772814,0.1039659364910551,-19.662178601947232,-33.728634147436956,0.99722435,0.12725739,1.0053113187180052,0.0460114453710206,7.272300009852652
2950000000.0,0.0,0.0,,forward,1,2026-07-30T00:01:08,0.09073216,-0.04856498,0.1029120116442488,-19.750678649285845,-28.1582067502631,0.90775718,0.09654319,0.9128765992054614,-0.7917585107864233,6.070788590809282
2960000000.0,0.0,0.0,,forward,1,2026-07-30T00:01:08,0.09137428,-0.03796058,0.09894576635437619,-20.09205566902392,-22.559979187718522,0.94942896,0.08088274,0.9528679697190945,-0.41934542888723086,4.869323991653025
2970000000.0,0.0,0.0,,forward,1,2026-07-30T00:01:08,0.09892883,-0.03013138,0.10341573123018229,-19.708267857954343,-16.939494723999687,0.92499418,0.05929639,0.9268928173747516,-0.6594096647684967,3.6679047254666655
2980000000.0,0.0,0.0,,forward,1,2026-07-30T00:01:08,0.0998925,-0.01996465,0.10186804604915371,-19.839240480977274,-11.302293803789416,0.90890431,0.03915164,0.9097471602875525,-0.8215858271922403,2.4665278937115858
2990000000.0,0.0,0.0,,forward,1,2026-07-30T00:01:08,0.10452708,-0.01034832,0.10503807966708455,-19.573064534565784,-5.653934540010013,0.94919193,0.02096326,0.9494233925109242,-0.45080144111963283,1.2651931149181903
3000000000.0,0.0,0.0,,forward,1,2026-07-30T00:01:08,0.09766924,-0.0,0.09766924,-20.20484383343859,-0.0,0.99316004,0.0011076,0.9931606576131385,-0.05960985242466779,0.06389783773344437
